1641.0,1.0,4.0
1642.0,1.0,4.0
1643.0,1.0,4.0
1644.0,1.0,4.0
1645.0,1.0,4.0
1646.0,1.0,4.0
1647.0,1.0,4.0
1648.0,1.0,4.0
1649.0,1.0,4.0
1650.0,1.0,4.0
1651.0,1.0,4.0
1652.0,1.0,4.0
1653.0,1.0,4.0
1654.0,1.0,4.0
1655.0,1.0,4.0
1656.0,1.0,4.0
1657.0,1.0,4.0
1658.0,1.0,4.0
1659.0,1.0,4.0
1660.0,1.0,4.0
1661.0,1.0,4.0
1662.0,1.0,4.0
1663.0,1.0,4.0
1664.0,1.0,4.0
1665.0,1.0,4.0
1666.0,1.0,4.0
1667.0,1.0,4.0
1668.0,1.0,4.0
1669.0,1.0,4.0
1670.0,1.0,4.0
1671.0,1.0,4.0
1672.0,1.0,4.0
1673.0,1.0,4.0
1674.0,1.0,4.0
1675.0,1.0,4.0
1676.0,1.0,4.0
1677.0,1.0,4.0
1678.0,1.0,4.0
1679.0,1.0,4.0
1680.0,1.0,4.0
1681.0,1.0,4.0
1682.0,1.0,4.0
1683.0,1.0,4.0
1684.0,1.0,4.0
1685.0,1.0,4.0
1686.0,1.0,4.0
1687.0,1.0,4.0
1688.0,1.0,4.0
1689.0,1.0,4.0
1690.0,1.0,4.0
1691.0,1.0,4.0
1692.0,1.0,4.0
1693.0,1.0,4.0
1694.0,1.0,4.0
1695.0,1.0,4.0
1696.0,1.0,4.0
1697.0,1.0,4.0
1698.0,1.0,4.0
1699.0,1.0,4.0
1700.0,1.0,4.0
1701.0,1.0,4.0
1702.0,1.0,4.0
1703.0,1.0,4.0
1704.0,1.0,4.0
1705.0,1.0,4.0
1706.0,1.0,4.0
1707.0,1.0,4.0
1708.0,1.0,4.0
1709.0,1.0,4.0
1710.0,1.0,4.0
1711.0,1.0,4.0
1712.0,1.0,4.0
1713.0,1.0,4.0
1714.0,1.0,4.0
1715.0,1.0,4.0
1716.0,1.0,4.0
1717.0,1.0,4.0
1718.0,1.0,4.0
1719.0,1.0,4.0
1720.0,1.0,4.0
1761.0,3.0,3.0
1762.0,3.0,3.0
1763.0,3.0,3.0
1764.0,3.0,3.0
1765.0,3.0,3.0
1766.0,3.0,3.0
1767.0,3.0,3.0
1768.0,3.0,3.0
1769.0,3.0,3.0
1770.0,3.0,3.0
1771.0,3.0,3.0
1772.0,3.0,3.0
1773.0,3.0,3.0
1774.0,3.0,3.0
1775.0,3.0,3.0
1776.0,3.0,3.0
1777.0,3.0,3.0
1778.0,3.0,3.0
1779.0,3.0,3.0
1780.0,3.0,3.0
1781.0,3.0,3.0
1782.0,3.0,3.0
1783.0,3.0,3.0
1784.0,3.0,3.0
1785.0,3.0,3.0
1786.0,3.0,3.0
1787.0,3.0,3.0
1788.0,3.0,3.0
1789.0,3.0,3.0
1790.0,3.0,3.0
1791.0,3.0,3.0
1792.0,3.0,3.0
1793.0,3.0,3.0
1794.0,3.0,3.0
1795.0,3.0,3.0
1796.0,3.0,3.0
1797.0,3.0,3.0
1798.0,3.0,3.0
1799.0,3.0,3.0
1800.0,3.0,3.0
2321.0,1.0,3.0
2322.0,1.0,3.0
2323.0,1.0,3.0
2324.0,1.0,3.0
2325.0,1.0,3.0
2326.0,1.0,3.0
2327.0,1.0,3.0
2328.0,1.0,3.0
2329.0,1.0,3.0
2330.0,1.0,3.0
2331.0,1.0,3.0
2332.0,1.0,3.0
2333.0,1.0,3.0
2334.0,1.0,3.0
2335.0,1.0,3.0
2336.0,1.0,3.0
2337.0,1.0,3.0
2338.0,1.0,3.0
2339.0,1.0,3.0
2340.0,1.0,3.0
2341.0,1.0,3.0
2342.0,1.0,3.0
2343.0,1.0,3.0
2344.0,1.0,3.0
2345.0,1.0,3.0
2346.0,1.0,3.0
2347.0,1.0,3.0
2348.0,1.0,3.0
2349.0,1.0,3.0
2350.0,1.0,3.0
2351.0,1.0,3.0
2352.0,1.0,3.0
2353.0,1.0,3.0
2354.0,1.0,3.0
2355.0,1.0,3.0
2356.0,1.0,3.0
2357.0,1.0,3.0
2358.0,1.0,3.0
2359.0,1.0,3.0
2360.0,1.0,3.0
2361.0,1.0,3.0
2362.0,1.0,3.0
2363.0,1.0,3.0
2364.0,1.0,3.0
2365.0,1.0,3.0
2366.0,1.0,3.0
2367.0,1.0,3.0
2368.0,1.0,3.0
2369.0,1.0,3.0
2370.0,1.0,3.0
2371.0,1.0,3.0
2372.0,1.0,3.0
2373.0,1.0,3.0
2374.0,1.0,3.0
2375.0,1.0,3.0
2376.0,1.0,3.0
2377.0,1.0,3.0
2378.0,1.0,3.0
2379.0,1.0,3.0
2380.0,1.0,3.0
2381.0,1.0,3.0
2382.0,1.0,3.0
2383.0,1.0,3.0
2384.0,1.0,3.0
2385.0,1.0,3.0
2386.0,1.0,3.0
2387.0,1.0,3.0
2388.0,1.0,3.0
2389.0,1.0,3.0
2390.0,1.0,3.0
2391.0,1.0,3.0
2392.0,1.0,3.0
2393.0,1.0,3.0
2394.0,1.0,3.0
2395.0,1.0,3.0
2396.0,1.0,3.0
2397.0,1.0,3.0
2398.0,1.0,3.0
2399.0,1.0,3.0
2400.0,1.0,3.0
2841.0,4.0,1.0
2842.0,4.0,1.0
2843.0,4.0,1.0
2844.0,4.0,1.0
2845.0,4.0,1.0
2846.0,4.0,1.0
2847.0,4.0,1.0
2848.0,4.0,1.0
2849.0,4.0,1.0
2850.0,4.0,1.0
2851.0,4.0,1.0
2852.0,4.0,1.0
2853.0,4.0,1.0
2854.0,4.0,1.0
2855.0,4.0,1.0
2856.0,4.0,1.0
2857.0,4.0,1.0
2858.0,4.0,1.0
2859.0,4.0,1.0
2860.0,4.0,1.0
2861.0,4.0,1.0
2862.0,4.0,1.0
2863.0,4.0,1.0
2864.0,4.0,1.0
2865.0,4.0,1.0
2866.0,4.0,1.0
2867.0,4.0,1.0
2868.0,4.0,1.0
2869.0,4.0,1.0
2870.0,4.0,1.0
2871.0,4.0,1.0
2872.0,4.0,1.0
2873.0,4.0,1.0
2874.0,4.0,1.0
2875.0,4.0,1.0
2876.0,4.0,1.0
2877.0,4.0,1.0
2878.0,4.0,1.0
2879.0,4.0,1.0
2880.0,4.0,1.0
3001.0,2.0,2.0
3002.0,2.0,2.0
3003.0,2.0,2.0
3004.0,2.0,2.0
3005.0,2.0,2.0
3006.0,2.0,2.0
3007.0,2.0,2.0
3008.0,2.0,2.0
3009.0,2.0,2.0
3010.0,2.0,2.0
3011.0,2.0,2.0
3012.0,2.0,2.0
3013.0,2.0,2.0
3014.0,2.0,2.0
3015.0,2.0,2.0
3016.0,2.0,2.0
3017.0,2.0,2.0
3018.0,2.0,2.0
3019.0,2.0,2.0
3020.0,2.0,2.0
3021.0,2.0,2.0
3022.0,2.0,2.0
3023.0,2.0,2.0
3024.0,2.0,2.0
3025.0,2.0,2.0
3026.0,2.0,2.0
3027.0,2.0,2.0
3028.0,2.0,2.0
3029.0,2.0,2.0
3030.0,2.0,2.0
3031.0,2.0,2.0
3032.0,2.0,2.0
3033.0,2.0,2.0
3034.0,2.0,2.0
3035.0,2.0,2.0
3036.0,2.0,2.0
3037.0,2.0,2.0
3038.0,2.0,2.0
3039.0,2.0,2.0
3040.0,2.0,2.0
3241.0,1.0,3.0
3242.0,1.0,3.0
3243.0,1.0,3.0
3244.0,1.0,3.0
3245.0,1.0,3.0
3246.0,1.0,3.0
3247.0,1.0,3.0
3248.0,1.0,3.0
3249.0,1.0,3.0
3250.0,1.0,3.0
3251.0,1.0,3.0
3252.0,1.0,3.0
3253.0,1.0,3.0
3254.0,1.0,3.0
3255.0,1.0,3.0
3256.0,1.0,3.0
3257.0,1.0,3.0
3258.0,1.0,3.0
3259.0,1.0,3.0
3260.0,1.0,3.0
3261.0,1.0,3.0
3262.0,1.0,3.0
3263.0,1.0,3.0
3264.0,1.0,3.0
3265.0,1.0,3.0
3266.0,1.0,3.0
3267.0,1.0,3.0
3268.0,1.0,3.0
3269.0,1.0,3.0
3270.0,1.0,3.0
3271.0,1.0,3.0
3272.0,1.0,3.0
3273.0,1.0,3.0
3274.0,1.0,3.0
3275.0,1.0,3.0
3276.0,1.0,3.0
3277.0,1.0,3.0
3278.0,1.0,3.0
3279.0,1.0,3.0
3280.0,1.0,3.0
3281.0,1.0,3.0
3282.0,1.0,3.0
3283.0,1.0,3.0
3284.0,1.0,3.0
3285.0,1.0,3.0
3286.0,1.0,3.0
3287.0,1.0,3.0
3288.0,1.0,3.0
3289.0,1.0,3.0
3290.0,1.0,3.0
3291.0,1.0,3.0
3292.0,1.0,3.0
3293.0,1.0,3.0
3294.0,1.0,3.0
3295.0,1.0,3.0
3296.0,1.0,3.0
3297.0,1.0,3.0
3298.0,1.0,3.0
3299.0,1.0,3.0
3300.0,1.0,3.0
3301.0,1.0,3.0
3302.0,1.0,3.0
3303.0,1.0,3.0
3304.0,1.0,3.0
3305.0,1.0,3.0
3306.0,1.0,3.0
3307.0,1.0,3.0
3308.0,1.0,3.0
3309.0,1.0,3.0
3310.0,1.0,3.0
3311.0,1.0,3.0
3312.0,1.0,3.0
3313.0,1.0,3.0
3314.0,1.0,3.0
3315.0,1.0,3.0
3316.0,1.0,3.0
3317.0,1.0,3.0
3318.0,1.0,3.0
3319.0,1.0,3.0
3320.0,1.0,3.0
3681.0,2.0,1.0
3682.0,2.0,1.0
3683.0,2.0,1.0
3684.0,2.0,1.0
3685.0,2.0,1.0
3686.0,2.0,1.0
3687.0,2.0,1.0
3688.0,2.0,1.0
3689.0,2.0,1.0
3690.0,2.0,1.0
3691.0,2.0,1.0
3692.0,2.0,1.0
3693.0,2.0,1.0
3694.0,2.0,1.0
3695.0,2.0,1.0
3696.0,2.0,1.0
3697.0,2.0,1.0
3698.0,2.0,1.0
3699.0,2.0,1.0
3700.0,2.0,1.0
3701.0,2.0,1.0
3702.0,2.0,1.0
3703.0,2.0,1.0
3704.0,2.0,1.0
3705.0,2.0,1.0
3706.0,2.0,1.0
3707.0,2.0,1.0
3708.0,2.0,1.0
3709.0,2.0,1.0
3710.0,2.0,1.0
3711.0,2.0,1.0
3712.0,2.0,1.0
3713.0,2.0,1.0
3714.0,2.0,1.0
3715.0,2.0,1.0
3716.0,2.0,1.0
3717.0,2.0,1.0
3718.0,2.0,1.0
3719.0,2.0,1.0
3720.0,2.0,1.0
3841.0,1.0,1.0
3842.0,1.0,1.0
3843.0,1.0,1.0
3844.0,1.0,1.0
3845.0,1.0,1.0
3846.0,1.0,1.0
3847.0,1.0,1.0
3848.0,1.0,1.0
3849.0,1.0,1.0
3850.0,1.0,1.0
3851.0,1.0,1.0
3852.0,1.0,1.0
3853.0,1.0,1.0
3854.0,1.0,1.0
3855.0,1.0,1.0
3856.0,1.0,1.0
3857.0,1.0,1.0
3858.0,1.0,1.0
3859.0,1.0,1.0
3860.0,1.0,1.0
3861.0,1.0,1.0
3862.0,1.0,1.0
3863.0,1.0,1.0
3864.0,1.0,1.0
3865.0,1.0,1.0
3866.0,1.0,1.0
3867.0,1.0,1.0
3868.0,1.0,1.0
3869.0,1.0,1.0
3870.0,1.0,1.0
3871.0,1.0,1.0
3872.0,1.0,1.0
3873.0,1.0,1.0
3874.0,1.0,1.0
3875.0,1.0,1.0
3876.0,1.0,1.0
3877.0,1.0,1.0
3878.0,1.0,1.0
3879.0,1.0,1.0
3880.0,1.0,1.0
4161.0,2.0,3.0
4162.0,2.0,3.0
4163.0,2.0,3.0
4164.0,2.0,3.0
4165.0,2.0,3.0
4166.0,2.0,3.0
4167.0,2.0,3.0
4168.0,2.0,3.0
4169.0,2.0,3.0
4170.0,2.0,3.0
4171.0,2.0,3.0
4172.0,2.0,3.0
4173.0,2.0,3.0
4174.0,2.0,3.0
4175.0,2.0,3.0
4176.0,2.0,3.0
4177.0,2.0,3.0
4178.0,2.0,3.0
4179.0,2.0,3.0
4180.0,2.0,3.0
4181.0,2.0,3.0
4182.0,2.0,3.0
4183.0,2.0,3.0
4184.0,2.0,3.0
4185.0,2.0,3.0
4186.0,2.0,3.0
4187.0,2.0,3.0
4188.0,2.0,3.0
4189.0,2.0,3.0
4190.0,2.0,3.0
4191.0,2.0,3.0
4192.0,2.0,3.0
4193.0,2.0,3.0
4194.0,2.0,3.0
4195.0,2.0,3.0
4196.0,2.0,3.0
4197.0,2.0,3.0
4198.0,2.0,3.0
4199.0,2.0,3.0
4200.0,2.0,3.0
4241.0,2.0,2.0
4242.0,2.0,2.0
4243.0,2.0,2.0
4244.0,2.0,2.0
4245.0,2.0,2.0
4246.0,2.0,2.0
4247.0,2.0,2.0
4248.0,2.0,2.0
4249.0,2.0,2.0
4250.0,2.0,2.0
4251.0,2.0,2.0
4252.0,2.0,2.0
4253.0,2.0,2.0
4254.0,2.0,2.0
4255.0,2.0,2.0
4256.0,2.0,2.0
4257.0,2.0,2.0
4258.0,2.0,2.0
4259.0,2.0,2.0
4260.0,2.0,2.0
4261.0,2.0,2.0
4262.0,2.0,2.0
4263.0,2.0,2.0
4264.0,2.0,2.0
4265.0,2.0,2.0
4266.0,2.0,2.0
4267.0,2.0,2.0
4268.0,2.0,2.0
4269.0,2.0,2.0
4270.0,2.0,2.0
4271.0,2.0,2.0
4272.0,2.0,2.0
4273.0,2.0,2.0
4274.0,2.0,2.0
4275.0,2.0,2.0
4276.0,2.0,2.0
4277.0,2.0,2.0
4278.0,2.0,2.0
4279.0,2.0,2.0
4280.0,2.0,2.0
4721.0,2.0,2.0
4722.0,2.0,2.0
4723.0,2.0,2.0
4724.0,2.0,2.0
4725.0,2.0,2.0
4726.0,2.0,2.0
4727.0,2.0,2.0
4728.0,2.0,2.0
4729.0,2.0,2.0
4730.0,2.0,2.0
4731.0,2.0,2.0
4732.0,2.0,2.0
4733.0,2.0,2.0
4734.0,2.0,2.0
4735.0,2.0,2.0
4736.0,2.0,2.0
4737.0,2.0,2.0
4738.0,2.0,2.0
4739.0,2.0,2.0
4740.0,2.0,2.0
4741.0,2.0,2.0
4742.0,2.0,2.0
4743.0,2.0,2.0
4744.0,2.0,2.0
4745.0,2.0,2.0
4746.0,2.0,2.0
4747.0,2.0,2.0
4748.0,2.0,2.0
4749.0,2.0,2.0
4750.0,2.0,2.0
4751.0,2.0,2.0
4752.0,2.0,2.0
4753.0,2.0,2.0
4754.0,2.0,2.0
4755.0,2.0,2.0
4756.0,2.0,2.0
4757.0,2.0,2.0
4758.0,2.0,2.0
4759.0,2.0,2.0
4760.0,2.0,2.0
5001.0,2.0,1.0
5002.0,2.0,1.0
5003.0,2.0,1.0
5004.0,2.0,1.0
5005.0,2.0,1.0
5006.0,2.0,1.0
5007.0,2.0,1.0
5008.0,2.0,1.0
5009.0,2.0,1.0
5010.0,2.0,1.0
5011.0,2.0,1.0
5012.0,2.0,1.0
5013.0,2.0,1.0
5014.0,2.0,1.0
5015.0,2.0,1.0
5016.0,2.0,1.0
5017.0,2.0,1.0
5018.0,2.0,1.0
5019.0,2.0,1.0
5020.0,2.0,1.0
5021.0,2.0,1.0
5022.0,2.0,1.0
5023.0,2.0,1.0
5024.0,2.0,1.0
5025.0,2.0,1.0
5026.0,2.0,1.0
5027.0,2.0,1.0
5028.0,2.0,1.0
5029.0,2.0,1.0
5030.0,2.0,1.0
5031.0,2.0,1.0
5032.0,2.0,1.0
5033.0,2.0,1.0
5034.0,2.0,1.0
5035.0,2.0,1.0
5036.0,2.0,1.0
5037.0,2.0,1.0
5038.0,2.0,1.0
5039.0,2.0,1.0
5040.0,2.0,1.0
5121.0,4.0,1.0
5122.0,4.0,1.0
5123.0,4.0,1.0
5124.0,4.0,1.0
5125.0,4.0,1.0
5126.0,4.0,1.0
5127.0,4.0,1.0
5128.0,4.0,1.0
5129.0,4.0,1.0
5130.0,4.0,1.0
5131.0,4.0,1.0
5132.0,4.0,1.0
5133.0,4.0,1.0
5134.0,4.0,1.0
5135.0,4.0,1.0
5136.0,4.0,1.0
5137.0,4.0,1.0
5138.0,4.0,1.0
5139.0,4.0,1.0
5140.0,4.0,1.0
5141.0,4.0,1.0
5142.0,4.0,1.0
5143.0,4.0,1.0
5144.0,4.0,1.0
5145.0,4.0,1.0
5146.0,4.0,1.0
5147.0,4.0,1.0
5148.0,4.0,1.0
5149.0,4.0,1.0
5150.0,4.0,1.0
5151.0,4.0,1.0
5152.0,4.0,1.0
5153.0,4.0,1.0
5154.0,4.0,1.0
5155.0,4.0,1.0
5156.0,4.0,1.0
5157.0,4.0,1.0
5158.0,4.0,1.0
5159.0,4.0,1.0
5160.0,4.0,1.0
5281.0,4.0,1.0
5282.0,4.0,1.0
5283.0,4.0,1.0
5284.0,4.0,1.0
5285.0,4.0,1.0
5286.0,4.0,1.0
5287.0,4.0,1.0
5288.0,4.0,1.0
5289.0,4.0,1.0
5290.0,4.0,1.0
5291.0,4.0,1.0
5292.0,4.0,1.0
5293.0,4.0,1.0
5294.0,4.0,1.0
5295.0,4.0,1.0
5296.0,4.0,1.0
5297.0,4.0,1.0
5298.0,4.0,1.0
5299.0,4.0,1.0
5300.0,4.0,1.0
5301.0,4.0,1.0
5302.0,4.0,1.0
5303.0,4.0,1.0
5304.0,4.0,1.0
5305.0,4.0,1.0
5306.0,4.0,1.0
5307.0,4.0,1.0
5308.0,4.0,1.0
5309.0,4.0,1.0
5310.0,4.0,1.0
5311.0,4.0,1.0
5312.0,4.0,1.0
5313.0,4.0,1.0
5314.0,4.0,1.0
5315.0,4.0,1.0
5316.0,4.0,1.0
5317.0,4.0,1.0
5318.0,4.0,1.0
5319.0,4.0,1.0
5320.0,4.0,1.0
5321.0,4.0,1.0
5322.0,4.0,1.0
5323.0,4.0,1.0
5324.0,4.0,1.0
5325.0,4.0,1.0
5326.0,4.0,1.0
5327.0,4.0,1.0
5328.0,4.0,1.0
5329.0,4.0,1.0
5330.0,4.0,1.0
5331.0,4.0,1.0
5332.0,4.0,1.0
5333.0,4.0,1.0
5334.0,4.0,1.0
5335.0,4.0,1.0
5336.0,4.0,1.0
5337.0,4.0,1.0
5338.0,4.0,1.0
5339.0,4.0,1.0
5340.0,4.0,1.0
5341.0,4.0,1.0
5342.0,4.0,1.0
5343.0,4.0,1.0
5344.0,4.0,1.0
5345.0,4.0,1.0
5346.0,4.0,1.0
5347.0,4.0,1.0
5348.0,4.0,1.0
5349.0,4.0,1.0
5350.0,4.0,1.0
5351.0,4.0,1.0
5352.0,4.0,1.0
5353.0,4.0,1.0
5354.0,4.0,1.0
5355.0,4.0,1.0
5356.0,4.0,1.0
5357.0,4.0,1.0
5358.0,4.0,1.0
5359.0,4.0,1.0
5360.0,4.0,1.0
5321.0,4.0,1.0
5322.0,4.0,1.0
5323.0,4.0,1.0
5324.0,4.0,1.0
5325.0,4.0,1.0
5326.0,4.0,1.0
5327.0,4.0,1.0
5328.0,4.0,1.0
5329.0,4.0,1.0
5330.0,4.0,1.0
5331.0,4.0,1.0
5332.0,4.0,1.0
5333.0,4.0,1.0
5334.0,4.0,1.0
5335.0,4.0,1.0
5336.0,4.0,1.0
5337.0,4.0,1.0
5338.0,4.0,1.0
5339.0,4.0,1.0
5340.0,4.0,1.0
5341.0,4.0,1.0
5342.0,4.0,1.0
5343.0,4.0,1.0
5344.0,4.0,1.0
5345.0,4.0,1.0
5346.0,4.0,1.0
5347.0,4.0,1.0
5348.0,4.0,1.0
5349.0,4.0,1.0
5350.0,4.0,1.0
5351.0,4.0,1.0
5352.0,4.0,1.0
5353.0,4.0,1.0
5354.0,4.0,1.0
5355.0,4.0,1.0
5356.0,4.0,1.0
5357.0,4.0,1.0
5358.0,4.0,1.0
5359.0,4.0,1.0
5360.0,4.0,1.0
5441.0,1.0,1.0
5442.0,1.0,1.0
5443.0,1.0,1.0
5444.0,1.0,1.0
5445.0,1.0,1.0
5446.0,1.0,1.0
5447.0,1.0,1.0
5448.0,1.0,1.0
5449.0,1.0,1.0
5450.0,1.0,1.0
5451.0,1.0,1.0
5452.0,1.0,1.0
5453.0,1.0,1.0
5454.0,1.0,1.0
5455.0,1.0,1.0
5456.0,1.0,1.0
5457.0,1.0,1.0
5458.0,1.0,1.0
5459.0,1.0,1.0
5460.0,1.0,1.0
5461.0,1.0,1.0
5462.0,1.0,1.0
5463.0,1.0,1.0
5464.0,1.0,1.0
5465.0,1.0,1.0
5466.0,1.0,1.0
5467.0,1.0,1.0
5468.0,1.0,1.0
5469.0,1.0,1.0
5470.0,1.0,1.0
5471.0,1.0,1.0
5472.0,1.0,1.0
5473.0,1.0,1.0
5474.0,1.0,1.0
5475.0,1.0,1.0
5476.0,1.0,1.0
5477.0,1.0,1.0
5478.0,1.0,1.0
5479.0,1.0,1.0
5480.0,1.0,1.0
5721.0,4.0,4.0
5722.0,4.0,4.0
5723.0,4.0,4.0
5724.0,4.0,4.0
5725.0,4.0,4.0
5726.0,4.0,4.0
5727.0,4.0,4.0
5728.0,4.0,4.0
5729.0,4.0,4.0
5730.0,4.0,4.0
5731.0,4.0,4.0
5732.0,4.0,4.0
5733.0,4.0,4.0
5734.0,4.0,4.0
5735.0,4.0,4.0
5736.0,4.0,4.0
5737.0,4.0,4.0
5738.0,4.0,4.0
5739.0,4.0,4.0
5740.0,4.0,4.0
5741.0,4.0,4.0
5742.0,4.0,4.0
5743.0,4.0,4.0
5744.0,4.0,4.0
5745.0,4.0,4.0
5746.0,4.0,4.0
5747.0,4.0,4.0
5748.0,4.0,4.0
5749.0,4.0,4.0
5750.0,4.0,4.0
5751.0,4.0,4.0
5752.0,4.0,4.0
5753.0,4.0,4.0
5754.0,4.0,4.0
5755.0,4.0,4.0
5756.0,4.0,4.0
5757.0,4.0,4.0
5758.0,4.0,4.0
5759.0,4.0,4.0
5760.0,4.0,4.0
5801.0,4.0,2.0
5802.0,4.0,2.0
5803.0,4.0,2.0
5804.0,4.0,2.0
5805.0,4.0,2.0
5806.0,4.0,2.0
5807.0,4.0,2.0
5808.0,4.0,2.0
5809.0,4.0,2.0
5810.0,4.0,2.0
5811.0,4.0,2.0
5812.0,4.0,2.0
5813.0,4.0,2.0
5814.0,4.0,2.0
5815.0,4.0,2.0
5816.0,4.0,2.0
5817.0,4.0,2.0
5818.0,4.0,2.0
5819.0,4.0,2.0
5820.0,4.0,2.0
5821.0,4.0,2.0
5822.0,4.0,2.0
5823.0,4.0,2.0
5824.0,4.0,2.0
5825.0,4.0,2.0
5826.0,4.0,2.0
5827.0,4.0,2.0
5828.0,4.0,2.0
5829.0,4.0,2.0
5830.0,4.0,2.0
5831.0,4.0,2.0
5832.0,4.0,2.0
5833.0,4.0,2.0
5834.0,4.0,2.0
5835.0,4.0,2.0
5836.0,4.0,2.0
5837.0,4.0,2.0
5838.0,4.0,2.0
5839.0,4.0,2.0
5840.0,4.0,2.0
5961.0,4.0,4.0
5962.0,4.0,4.0
5963.0,4.0,4.0
5964.0,4.0,4.0
5965.0,4.0,4.0
5966.0,4.0,4.0
5967.0,4.0,4.0
5968.0,4.0,4.0
5969.0,4.0,4.0
5970.0,4.0,4.0
5971.0,4.0,4.0
5972.0,4.0,4.0
5973.0,4.0,4.0
5974.0,4.0,4.0
5975.0,4.0,4.0
5976.0,4.0,4.0
5977.0,4.0,4.0
5978.0,4.0,4.0
5979.0,4.0,4.0
5980.0,4.0,4.0
5981.0,4.0,4.0
5982.0,4.0,4.0
5983.0,4.0,4.0
5984.0,4.0,4.0
5985.0,4.0,4.0
5986.0,4.0,4.0
5987.0,4.0,4.0
5988.0,4.0,4.0
5989.0,4.0,4.0
5990.0,4.0,4.0
5991.0,4.0,4.0
5992.0,4.0,4.0
5993.0,4.0,4.0
5994.0,4.0,4.0
5995.0,4.0,4.0
5996.0,4.0,4.0
5997.0,4.0,4.0
5998.0,4.0,4.0
5999.0,4.0,4.0
6000.0,4.0,4.0
6081.0,2.0,3.0
6082.0,2.0,3.0
6083.0,2.0,3.0
6084.0,2.0,3.0
6085.0,2.0,3.0
6086.0,2.0,3.0
6087.0,2.0,3.0
6088.0,2.0,3.0
6089.0,2.0,3.0
6090.0,2.0,3.0
6091.0,2.0,3.0
6092.0,2.0,3.0
6093.0,2.0,3.0
6094.0,2.0,3.0
6095.0,2.0,3.0
6096.0,2.0,3.0
6097.0,2.0,3.0
6098.0,2.0,3.0
6099.0,2.0,3.0
6100.0,2.0,3.0
6101.0,2.0,3.0
6102.0,2.0,3.0
6103.0,2.0,3.0
6104.0,2.0,3.0
6105.0,2.0,3.0
6106.0,2.0,3.0
6107.0,2.0,3.0
6108.0,2.0,3.0
6109.0,2.0,3.0
6110.0,2.0,3.0
6111.0,2.0,3.0
6112.0,2.0,3.0
6113.0,2.0,3.0
6114.0,2.0,3.0
6115.0,2.0,3.0
6116.0,2.0,3.0
6117.0,2.0,3.0
6118.0,2.0,3.0
6119.0,2.0,3.0
6120.0,2.0,3.0
6441.0,3.0,1.0
6442.0,3.0,1.0
6443.0,3.0,1.0
6444.0,3.0,1.0
6445.0,3.0,1.0
6446.0,3.0,1.0
6447.0,3.0,1.0
6448.0,3.0,1.0
6449.0,3.0,1.0
6450.0,3.0,1.0
6451.0,3.0,1.0
6452.0,3.0,1.0
6453.0,3.0,1.0
6454.0,3.0,1.0
6455.0,3.0,1.0
6456.0,3.0,1.0
6457.0,3.0,1.0
6458.0,3.0,1.0
6459.0,3.0,1.0
6460.0,3.0,1.0
6461.0,3.0,1.0
6462.0,3.0,1.0
6463.0,3.0,1.0
6464.0,3.0,1.0
6465.0,3.0,1.0
6466.0,3.0,1.0
6467.0,3.0,1.0
6468.0,3.0,1.0
6469.0,3.0,1.0
6470.0,3.0,1.0
6471.0,3.0,1.0
6472.0,3.0,1.0
6473.0,3.0,1.0
6474.0,3.0,1.0
6475.0,3.0,1.0
6476.0,3.0,1.0
6477.0,3.0,1.0
6478.0,3.0,1.0
6479.0,3.0,1.0
6480.0,3.0,1.0
7121.0,2.0,2.0
7122.0,2.0,2.0
7123.0,2.0,2.0
7124.0,2.0,2.0
7125.0,2.0,2.0
7126.0,2.0,2.0
7127.0,2.0,2.0
7128.0,2.0,2.0
7129.0,2.0,2.0
7130.0,2.0,2.0
7131.0,2.0,2.0
7132.0,2.0,2.0
7133.0,2.0,2.0
7134.0,2.0,2.0
7135.0,2.0,2.0
7136.0,2.0,2.0
7137.0,2.0,2.0
7138.0,2.0,2.0
7139.0,2.0,2.0
7140.0,2.0,2.0
7141.0,2.0,2.0
7142.0,2.0,2.0
7143.0,2.0,2.0
7144.0,2.0,2.0
7145.0,2.0,2.0
7146.0,2.0,2.0
7147.0,2.0,2.0
7148.0,2.0,2.0
7149.0,2.0,2.0
7150.0,2.0,2.0
7151.0,2.0,2.0
7152.0,2.0,2.0
7153.0,2.0,2.0
7154.0,2.0,2.0
7155.0,2.0,2.0
7156.0,2.0,2.0
7157.0,2.0,2.0
7158.0,2.0,2.0
7159.0,2.0,2.0
7160.0,2.0,2.0
7401.0,2.0,2.0
7402.0,2.0,2.0
7403.0,2.0,2.0
7404.0,2.0,2.0
7405.0,2.0,2.0
7406.0,2.0,2.0
7407.0,2.0,2.0
7408.0,2.0,2.0
7409.0,2.0,2.0
7410.0,2.0,2.0
7411.0,2.0,2.0
7412.0,2.0,2.0
7413.0,2.0,2.0
7414.0,2.0,2.0
7415.0,2.0,2.0
7416.0,2.0,2.0
7417.0,2.0,2.0
7418.0,2.0,2.0
7419.0,2.0,2.0
7420.0,2.0,2.0
7421.0,2.0,2.0
7422.0,2.0,2.0
7423.0,2.0,2.0
7424.0,2.0,2.0
7425.0,2.0,2.0
7426.0,2.0,2.0
7427.0,2.0,2.0
7428.0,2.0,2.0
7429.0,2.0,2.0
7430.0,2.0,2.0
7431.0,2.0,2.0
7432.0,2.0,2.0
7433.0,2.0,2.0
7434.0,2.0,2.0
7435.0,2.0,2.0
7436.0,2.0,2.0
7437.0,2.0,2.0
7438.0,2.0,2.0
7439.0,2.0,2.0
7440.0,2.0,2.0
7601.0,3.0,3.0
7602.0,3.0,3.0
7603.0,3.0,3.0
7604.0,3.0,3.0
7605.0,3.0,3.0
7606.0,3.0,3.0
7607.0,3.0,3.0
7608.0,3.0,3.0
7609.0,3.0,3.0
7610.0,3.0,3.0
7611.0,3.0,3.0
7612.0,3.0,3.0
7613.0,3.0,3.0
7614.0,3.0,3.0
7615.0,3.0,3.0
7616.0,3.0,3.0
7617.0,3.0,3.0
7618.0,3.0,3.0
7619.0,3.0,3.0
7620.0,3.0,3.0
7621.0,3.0,3.0
7622.0,3.0,3.0
7623.0,3.0,3.0
7624.0,3.0,3.0
7625.0,3.0,3.0
7626.0,3.0,3.0
7627.0,3.0,3.0
7628.0,3.0,3.0
7629.0,3.0,3.0
7630.0,3.0,3.0
7631.0,3.0,3.0
7632.0,3.0,3.0
7633.0,3.0,3.0
7634.0,3.0,3.0
7635.0,3.0,3.0
7636.0,3.0,3.0
7637.0,3.0,3.0
7638.0,3.0,3.0
7639.0,3.0,3.0
7640.0,3.0,3.0
7681.0,2.0,1.0
7682.0,2.0,1.0
7683.0,2.0,1.0
7684.0,2.0,1.0
7685.0,2.0,1.0
7686.0,2.0,1.0
7687.0,2.0,1.0
7688.0,2.0,1.0
7689.0,2.0,1.0
7690.0,2.0,1.0
7691.0,2.0,1.0
7692.0,2.0,1.0
7693.0,2.0,1.0
7694.0,2.0,1.0
7695.0,2.0,1.0
7696.0,2.0,1.0
7697.0,2.0,1.0
7698.0,2.0,1.0
7699.0,2.0,1.0
7700.0,2.0,1.0
7701.0,2.0,1.0
7702.0,2.0,1.0
7703.0,2.0,1.0
7704.0,2.0,1.0
7705.0,2.0,1.0
7706.0,2.0,1.0
7707.0,2.0,1.0
7708.0,2.0,1.0
7709.0,2.0,1.0
7710.0,2.0,1.0
7711.0,2.0,1.0
7712.0,2.0,1.0
7713.0,2.0,1.0
7714.0,2.0,1.0
7715.0,2.0,1.0
7716.0,2.0,1.0
7717.0,2.0,1.0
7718.0,2.0,1.0
7719.0,2.0,1.0
7720.0,2.0,1.0
8121.0,4.0,1.0
8122.0,4.0,1.0
8123.0,4.0,1.0
8124.0,4.0,1.0
8125.0,4.0,1.0
8126.0,4.0,1.0
8127.0,4.0,1.0
8128.0,4.0,1.0
8129.0,4.0,1.0
8130.0,4.0,1.0
8131.0,4.0,1.0
8132.0,4.0,1.0
8133.0,4.0,1.0
8134.0,4.0,1.0
8135.0,4.0,1.0
8136.0,4.0,1.0
8137.0,4.0,1.0
8138.0,4.0,1.0
8139.0,4.0,1.0
8140.0,4.0,1.0
8141.0,4.0,1.0
8142.0,4.0,1.0
8143.0,4.0,1.0
8144.0,4.0,1.0
8145.0,4.0,1.0
8146.0,4.0,1.0
8147.0,4.0,1.0
8148.0,4.0,1.0
8149.0,4.0,1.0
8150.0,4.0,1.0
8151.0,4.0,1.0
8152.0,4.0,1.0
8153.0,4.0,1.0
8154.0,4.0,1.0
8155.0,4.0,1.0
8156.0,4.0,1.0
8157.0,4.0,1.0
8158.0,4.0,1.0
8159.0,4.0,1.0
8160.0,4.0,1.0
8521.0,3.0,2.0
8522.0,3.0,2.0
8523.0,3.0,2.0
8524.0,3.0,2.0
8525.0,3.0,2.0
8526.0,3.0,2.0
8527.0,3.0,2.0
8528.0,3.0,2.0
8529.0,3.0,2.0
8530.0,3.0,2.0
8531.0,3.0,2.0
8532.0,3.0,2.0
8533.0,3.0,2.0
8534.0,3.0,2.0
8535.0,3.0,2.0
8536.0,3.0,2.0
8537.0,3.0,2.0
8538.0,3.0,2.0
8539.0,3.0,2.0
8540.0,3.0,2.0
8541.0,3.0,2.0
8542.0,3.0,2.0
8543.0,3.0,2.0
8544.0,3.0,2.0
8545.0,3.0,2.0
8546.0,3.0,2.0
8547.0,3.0,2.0
8548.0,3.0,2.0
8549.0,3.0,2.0
8550.0,3.0,2.0
8551.0,3.0,2.0
8552.0,3.0,2.0
8553.0,3.0,2.0
8554.0,3.0,2.0
8555.0,3.0,2.0
8556.0,3.0,2.0
8557.0,3.0,2.0
8558.0,3.0,2.0
8559.0,3.0,2.0
8560.0,3.0,2.0
8561.0,3.0,2.0
8562.0,3.0,2.0
8563.0,3.0,2.0
8564.0,3.0,2.0
8565.0,3.0,2.0
8566.0,3.0,2.0
8567.0,3.0,2.0
8568.0,3.0,2.0
8569.0,3.0,2.0
8570.0,3.0,2.0
8571.0,3.0,2.0
8572.0,3.0,2.0
8573.0,3.0,2.0
8574.0,3.0,2.0
8575.0,3.0,2.0
8576.0,3.0,2.0
8577.0,3.0,2.0
8578.0,3.0,2.0
8579.0,3.0,2.0
8580.0,3.0,2.0
8581.0,3.0,2.0
8582.0,3.0,2.0
8583.0,3.0,2.0
8584.0,3.0,2.0
8585.0,3.0,2.0
8586.0,3.0,2.0
8587.0,3.0,2.0
8588.0,3.0,2.0
8589.0,3.0,2.0
8590.0,3.0,2.0
8591.0,3.0,2.0
8592.0,3.0,2.0
8593.0,3.0,2.0
8594.0,3.0,2.0
8595.0,3.0,2.0
8596.0,3.0,2.0
8597.0,3.0,2.0
8598.0,3.0,2.0
8599.0,3.0,2.0
8600.0,3.0,2.0
8601.0,3.0,2.0
8602.0,3.0,2.0
8603.0,3.0,2.0
8604.0,3.0,2.0
8605.0,3.0,2.0
8606.0,3.0,2.0
8607.0,3.0,2.0
8608.0,3.0,2.0
8609.0,3.0,2.0
8610.0,3.0,2.0
8611.0,3.0,2.0
8612.0,3.0,2.0
8613.0,3.0,2.0
8614.0,3.0,2.0
8615.0,3.0,2.0
8616.0,3.0,2.0
8617.0,3.0,2.0
8618.0,3.0,2.0
8619.0,3.0,2.0
8620.0,3.0,2.0
8621.0,3.0,2.0
8622.0,3.0,2.0
8623.0,3.0,2.0
8624.0,3.0,2.0
8625.0,3.0,2.0
8626.0,3.0,2.0
8627.0,3.0,2.0
8628.0,3.0,2.0
8629.0,3.0,2.0
8630.0,3.0,2.0
8631.0,3.0,2.0
8632.0,3.0,2.0
8633.0,3.0,2.0
8634.0,3.0,2.0
8635.0,3.0,2.0
8636.0,3.0,2.0
8637.0,3.0,2.0
8638.0,3.0,2.0
8639.0,3.0,2.0
8640.0,3.0,2.0
8681.0,3.0,1.0
8682.0,3.0,1.0
8683.0,3.0,1.0
8684.0,3.0,1.0
8685.0,3.0,1.0
8686.0,3.0,1.0
8687.0,3.0,1.0
8688.0,3.0,1.0
8689.0,3.0,1.0
8690.0,3.0,1.0
8691.0,3.0,1.0
8692.0,3.0,1.0
8693.0,3.0,1.0
8694.0,3.0,1.0
8695.0,3.0,1.0
8696.0,3.0,1.0
8697.0,3.0,1.0
8698.0,3.0,1.0
8699.0,3.0,1.0
8700.0,3.0,1.0
8701.0,3.0,1.0
8702.0,3.0,1.0
8703.0,3.0,1.0
8704.0,3.0,1.0
8705.0,3.0,1.0
8706.0,3.0,1.0
8707.0,3.0,1.0
8708.0,3.0,1.0
8709.0,3.0,1.0
8710.0,3.0,1.0
8711.0,3.0,1.0
8712.0,3.0,1.0
8713.0,3.0,1.0
8714.0,3.0,1.0
8715.0,3.0,1.0
8716.0,3.0,1.0
8717.0,3.0,1.0
8718.0,3.0,1.0
8719.0,3.0,1.0
8720.0,3.0,1.0
8761.0,3.0,2.0
8762.0,3.0,2.0
8763.0,3.0,2.0
8764.0,3.0,2.0
8765.0,3.0,2.0
8766.0,3.0,2.0
8767.0,3.0,2.0
8768.0,3.0,2.0
8769.0,3.0,2.0
8770.0,3.0,2.0
8771.0,3.0,2.0
8772.0,3.0,2.0
8773.0,3.0,2.0
8774.0,3.0,2.0
8775.0,3.0,2.0
8776.0,3.0,2.0
8777.0,3.0,2.0
8778.0,3.0,2.0
8779.0,3.0,2.0
8780.0,3.0,2.0
8781.0,3.0,2.0
8782.0,3.0,2.0
8783.0,3.0,2.0
8784.0,3.0,2.0
8785.0,3.0,2.0
8786.0,3.0,2.0
8787.0,3.0,2.0
8788.0,3.0,2.0
8789.0,3.0,2.0
8790.0,3.0,2.0
8791.0,3.0,2.0
8792.0,3.0,2.0
8793.0,3.0,2.0
8794.0,3.0,2.0
8795.0,3.0,2.0
8796.0,3.0,2.0
8797.0,3.0,2.0
8798.0,3.0,2.0
8799.0,3.0,2.0
8800.0,3.0,2.0
8841.0,4.0,4.0
8842.0,4.0,4.0
8843.0,4.0,4.0
8844.0,4.0,4.0
8845.0,4.0,4.0
8846.0,4.0,4.0
8847.0,4.0,4.0
8848.0,4.0,4.0
8849.0,4.0,4.0
8850.0,4.0,4.0
8851.0,4.0,4.0
8852.0,4.0,4.0
8853.0,4.0,4.0
8854.0,4.0,4.0
8855.0,4.0,4.0
8856.0,4.0,4.0
8857.0,4.0,4.0
8858.0,4.0,4.0
8859.0,4.0,4.0
8860.0,4.0,4.0
8861.0,4.0,4.0
8862.0,4.0,4.0
8863.0,4.0,4.0
8864.0,4.0,4.0
8865.0,4.0,4.0
8866.0,4.0,4.0
8867.0,4.0,4.0
8868.0,4.0,4.0
8869.0,4.0,4.0
8870.0,4.0,4.0
8871.0,4.0,4.0
8872.0,4.0,4.0
8873.0,4.0,4.0
8874.0,4.0,4.0
8875.0,4.0,4.0
8876.0,4.0,4.0
8877.0,4.0,4.0
8878.0,4.0,4.0
8879.0,4.0,4.0
8880.0,4.0,4.0
8921.0,2.0,1.0
8922.0,2.0,1.0
8923.0,2.0,1.0
8924.0,2.0,1.0
8925.0,2.0,1.0
8926.0,2.0,1.0
8927.0,2.0,1.0
8928.0,2.0,1.0
8929.0,2.0,1.0
8930.0,2.0,1.0
8931.0,2.0,1.0
8932.0,2.0,1.0
8933.0,2.0,1.0
8934.0,2.0,1.0
8935.0,2.0,1.0
8936.0,2.0,1.0
8937.0,2.0,1.0
8938.0,2.0,1.0
8939.0,2.0,1.0
8940.0,2.0,1.0
8941.0,2.0,1.0
8942.0,2.0,1.0
8943.0,2.0,1.0
8944.0,2.0,1.0
8945.0,2.0,1.0
8946.0,2.0,1.0
8947.0,2.0,1.0
8948.0,2.0,1.0
8949.0,2.0,1.0
8950.0,2.0,1.0
8951.0,2.0,1.0
8952.0,2.0,1.0
8953.0,2.0,1.0
8954.0,2.0,1.0
8955.0,2.0,1.0
8956.0,2.0,1.0
8957.0,2.0,1.0
8958.0,2.0,1.0
8959.0,2.0,1.0
8960.0,2.0,1.0
9121.0,1.0,2.0
9122.0,1.0,2.0
9123.0,1.0,2.0
9124.0,1.0,2.0
9125.0,1.0,2.0
9126.0,1.0,2.0
9127.0,1.0,2.0
9128.0,1.0,2.0
9129.0,1.0,2.0
9130.0,1.0,2.0
9131.0,1.0,2.0
9132.0,1.0,2.0
9133.0,1.0,2.0
9134.0,1.0,2.0
9135.0,1.0,2.0
9136.0,1.0,2.0
9137.0,1.0,2.0
9138.0,1.0,2.0
9139.0,1.0,2.0
9140.0,1.0,2.0
9141.0,1.0,2.0
9142.0,1.0,2.0
9143.0,1.0,2.0
9144.0,1.0,2.0
9145.0,1.0,2.0
9146.0,1.0,2.0
9147.0,1.0,2.0
9148.0,1.0,2.0
9149.0,1.0,2.0
9150.0,1.0,2.0
9151.0,1.0,2.0
9152.0,1.0,2.0
9153.0,1.0,2.0
9154.0,1.0,2.0
9155.0,1.0,2.0
9156.0,1.0,2.0
9157.0,1.0,2.0
9158.0,1.0,2.0
9159.0,1.0,2.0
9160.0,1.0,2.0
9161.0,1.0,2.0
9162.0,1.0,2.0
9163.0,1.0,2.0
9164.0,1.0,2.0
9165.0,1.0,2.0
9166.0,1.0,2.0
9167.0,1.0,2.0
9168.0,1.0,2.0
9169.0,1.0,2.0
9170.0,1.0,2.0
9171.0,1.0,2.0
9172.0,1.0,2.0
9173.0,1.0,2.0
9174.0,1.0,2.0
9175.0,1.0,2.0
9176.0,1.0,2.0
9177.0,1.0,2.0
9178.0,1.0,2.0
9179.0,1.0,2.0
9180.0,1.0,2.0
9181.0,1.0,2.0
9182.0,1.0,2.0
9183.0,1.0,2.0
9184.0,1.0,2.0
9185.0,1.0,2.0
9186.0,1.0,2.0
9187.0,1.0,2.0
9188.0,1.0,2.0
9189.0,1.0,2.0
9190.0,1.0,2.0
9191.0,1.0,2.0
9192.0,1.0,2.0
9193.0,1.0,2.0
9194.0,1.0,2.0
9195.0,1.0,2.0
9196.0,1.0,2.0
9197.0,1.0,2.0
9198.0,1.0,2.0
9199.0,1.0,2.0
9200.0,1.0,2.0
9241.0,4.0,4.0
9242.0,4.0,4.0
9243.0,4.0,4.0
9244.0,4.0,4.0
9245.0,4.0,4.0
9246.0,4.0,4.0
9247.0,4.0,4.0
9248.0,4.0,4.0
9249.0,4.0,4.0
9250.0,4.0,4.0
9251.0,4.0,4.0
9252.0,4.0,4.0
9253.0,4.0,4.0
9254.0,4.0,4.0
9255.0,4.0,4.0
9256.0,4.0,4.0
9257.0,4.0,4.0
9258.0,4.0,4.0
9259.0,4.0,4.0
9260.0,4.0,4.0
9261.0,4.0,4.0
9262.0,4.0,4.0
9263.0,4.0,4.0
9264.0,4.0,4.0
9265.0,4.0,4.0
9266.0,4.0,4.0
9267.0,4.0,4.0
9268.0,4.0,4.0
9269.0,4.0,4.0
9270.0,4.0,4.0
9271.0,4.0,4.0
9272.0,4.0,4.0
9273.0,4.0,4.0
9274.0,4.0,4.0
9275.0,4.0,4.0
9276.0,4.0,4.0
9277.0,4.0,4.0
9278.0,4.0,4.0
9279.0,4.0,4.0
9280.0,4.0,4.0
9881.0,1.0,3.0
9882.0,1.0,3.0
9883.0,1.0,3.0
9884.0,1.0,3.0
9885.0,1.0,3.0
9886.0,1.0,3.0
9887.0,1.0,3.0
9888.0,1.0,3.0
9889.0,1.0,3.0
9890.0,1.0,3.0
9891.0,1.0,3.0
9892.0,1.0,3.0
9893.0,1.0,3.0
9894.0,1.0,3.0
9895.0,1.0,3.0
9896.0,1.0,3.0
9897.0,1.0,3.0
9898.0,1.0,3.0
9899.0,1.0,3.0
9900.0,1.0,3.0
9901.0,1.0,3.0
9902.0,1.0,3.0
9903.0,1.0,3.0
9904.0,1.0,3.0
9905.0,1.0,3.0
9906.0,1.0,3.0
9907.0,1.0,3.0
9908.0,1.0,3.0
9909.0,1.0,3.0
9910.0,1.0,3.0
9911.0,1.0,3.0
9912.0,1.0,3.0
9913.0,1.0,3.0
9914.0,1.0,3.0
9915.0,1.0,3.0
9916.0,1.0,3.0
9917.0,1.0,3.0
9918.0,1.0,3.0
9919.0,1.0,3.0
9920.0,1.0,3.0
10241.0,2.0,2.0
10242.0,2.0,2.0
10243.0,2.0,2.0
10244.0,2.0,2.0
10245.0,2.0,2.0
10246.0,2.0,2.0
10247.0,2.0,2.0
10248.0,2.0,2.0
10249.0,2.0,2.0
10250.0,2.0,2.0
10251.0,2.0,2.0
10252.0,2.0,2.0
10253.0,2.0,2.0
10254.0,2.0,2.0
10255.0,2.0,2.0
10256.0,2.0,2.0
10257.0,2.0,2.0
10258.0,2.0,2.0
10259.0,2.0,2.0
10260.0,2.0,2.0
10261.0,2.0,2.0
10262.0,2.0,2.0
10263.0,2.0,2.0
10264.0,2.0,2.0
10265.0,2.0,2.0
10266.0,2.0,2.0
10267.0,2.0,2.0
10268.0,2.0,2.0
10269.0,2.0,2.0
10270.0,2.0,2.0
10271.0,2.0,2.0
10272.0,2.0,2.0
10273.0,2.0,2.0
10274.0,2.0,2.0
10275.0,2.0,2.0
10276.0,2.0,2.0
10277.0,2.0,2.0
10278.0,2.0,2.0
10279.0,2.0,2.0
10280.0,2.0,2.0
10361.0,4.0,1.0
10362.0,4.0,1.0
10363.0,4.0,1.0
10364.0,4.0,1.0
10365.0,4.0,1.0
10366.0,4.0,1.0
10367.0,4.0,1.0
10368.0,4.0,1.0
10369.0,4.0,1.0
10370.0,4.0,1.0
10371.0,4.0,1.0
10372.0,4.0,1.0
10373.0,4.0,1.0
10374.0,4.0,1.0
10375.0,4.0,1.0
10376.0,4.0,1.0
10377.0,4.0,1.0
10378.0,4.0,1.0
10379.0,4.0,1.0
10380.0,4.0,1.0
10381.0,4.0,1.0
10382.0,4.0,1.0
10383.0,4.0,1.0
10384.0,4.0,1.0
10385.0,4.0,1.0
10386.0,4.0,1.0
10387.0,4.0,1.0
10388.0,4.0,1.0
10389.0,4.0,1.0
10390.0,4.0,1.0
10391.0,4.0,1.0
10392.0,4.0,1.0
10393.0,4.0,1.0
10394.0,4.0,1.0
10395.0,4.0,1.0
10396.0,4.0,1.0
10397.0,4.0,1.0
10398.0,4.0,1.0
10399.0,4.0,1.0
10400.0,4.0,1.0
10521.0,2.0,1.0
10522.0,2.0,1.0
10523.0,2.0,1.0
10524.0,2.0,1.0
10525.0,2.0,1.0
10526.0,2.0,1.0
10527.0,2.0,1.0
10528.0,2.0,1.0
10529.0,2.0,1.0
10530.0,2.0,1.0
10531.0,2.0,1.0
10532.0,2.0,1.0
10533.0,2.0,1.0
10534.0,2.0,1.0
10535.0,2.0,1.0
10536.0,2.0,1.0
10537.0,2.0,1.0
10538.0,2.0,1.0
10539.0,2.0,1.0
10540.0,2.0,1.0
10541.0,2.0,1.0
10542.0,2.0,1.0
10543.0,2.0,1.0
10544.0,2.0,1.0
10545.0,2.0,1.0
10546.0,2.0,1.0
10547.0,2.0,1.0
10548.0,2.0,1.0
10549.0,2.0,1.0
10550.0,2.0,1.0
10551.0,2.0,1.0
10552.0,2.0,1.0
10553.0,2.0,1.0
10554.0,2.0,1.0
10555.0,2.0,1.0
10556.0,2.0,1.0
10557.0,2.0,1.0
10558.0,2.0,1.0
10559.0,2.0,1.0
10560.0,2.0,1.0
10561.0,2.0,1.0
10562.0,2.0,1.0
10563.0,2.0,1.0
10564.0,2.0,1.0
10565.0,2.0,1.0
10566.0,2.0,1.0
10567.0,2.0,1.0
10568.0,2.0,1.0
10569.0,2.0,1.0
10570.0,2.0,1.0
10571.0,2.0,1.0
10572.0,2.0,1.0
10573.0,2.0,1.0
10574.0,2.0,1.0
10575.0,2.0,1.0
10576.0,2.0,1.0
10577.0,2.0,1.0
10578.0,2.0,1.0
10579.0,2.0,1.0
10580.0,2.0,1.0
10581.0,2.0,1.0
10582.0,2.0,1.0
10583.0,2.0,1.0
10584.0,2.0,1.0
10585.0,2.0,1.0
10586.0,2.0,1.0
10587.0,2.0,1.0
10588.0,2.0,1.0
10589.0,2.0,1.0
10590.0,2.0,1.0
10591.0,2.0,1.0
10592.0,2.0,1.0
10593.0,2.0,1.0
10594.0,2.0,1.0
10595.0,2.0,1.0
10596.0,2.0,1.0
10597.0,2.0,1.0
10598.0,2.0,1.0
10599.0,2.0,1.0
10600.0,2.0,1.0
10801.0,1.0,2.0
10802.0,1.0,2.0
10803.0,1.0,2.0
10804.0,1.0,2.0
10805.0,1.0,2.0
10806.0,1.0,2.0
10807.0,1.0,2.0
10808.0,1.0,2.0
10809.0,1.0,2.0
10810.0,1.0,2.0
10811.0,1.0,2.0
10812.0,1.0,2.0
10813.0,1.0,2.0
10814.0,1.0,2.0
10815.0,1.0,2.0
10816.0,1.0,2.0
10817.0,1.0,2.0
10818.0,1.0,2.0
10819.0,1.0,2.0
10820.0,1.0,2.0
10821.0,1.0,2.0
10822.0,1.0,2.0
10823.0,1.0,2.0
10824.0,1.0,2.0
10825.0,1.0,2.0
10826.0,1.0,2.0
10827.0,1.0,2.0
10828.0,1.0,2.0
10829.0,1.0,2.0
10830.0,1.0,2.0
10831.0,1.0,2.0
10832.0,1.0,2.0
10833.0,1.0,2.0
10834.0,1.0,2.0
10835.0,1.0,2.0
10836.0,1.0,2.0
10837.0,1.0,2.0
10838.0,1.0,2.0
10839.0,1.0,2.0
10840.0,1.0,2.0
11081.0,4.0,1.0
11082.0,4.0,1.0
11083.0,4.0,1.0
11084.0,4.0,1.0
11085.0,4.0,1.0
11086.0,4.0,1.0
11087.0,4.0,1.0
11088.0,4.0,1.0
11089.0,4.0,1.0
11090.0,4.0,1.0
11091.0,4.0,1.0
11092.0,4.0,1.0
11093.0,4.0,1.0
11094.0,4.0,1.0
11095.0,4.0,1.0
11096.0,4.0,1.0
11097.0,4.0,1.0
11098.0,4.0,1.0
11099.0,4.0,1.0
11100.0,4.0,1.0
11101.0,4.0,1.0
11102.0,4.0,1.0
11103.0,4.0,1.0
11104.0,4.0,1.0
11105.0,4.0,1.0
11106.0,4.0,1.0
11107.0,4.0,1.0
11108.0,4.0,1.0
11109.0,4.0,1.0
11110.0,4.0,1.0
11111.0,4.0,1.0
11112.0,4.0,1.0
11113.0,4.0,1.0
11114.0,4.0,1.0
11115.0,4.0,1.0
11116.0,4.0,1.0
11117.0,4.0,1.0
11118.0,4.0,1.0
11119.0,4.0,1.0
11120.0,4.0,1.0
11521.0,1.0,2.0
11522.0,1.0,2.0
11523.0,1.0,2.0
11524.0,1.0,2.0
11525.0,1.0,2.0
11526.0,1.0,2.0
11527.0,1.0,2.0
11528.0,1.0,2.0
11529.0,1.0,2.0
11530.0,1.0,2.0
11531.0,1.0,2.0
11532.0,1.0,2.0
11533.0,1.0,2.0
11534.0,1.0,2.0
11535.0,1.0,2.0
11536.0,1.0,2.0
11537.0,1.0,2.0
11538.0,1.0,2.0
11539.0,1.0,2.0
11540.0,1.0,2.0
11541.0,1.0,2.0
11542.0,1.0,2.0
11543.0,1.0,2.0
11544.0,1.0,2.0
11545.0,1.0,2.0
11546.0,1.0,2.0
11547.0,1.0,2.0
11548.0,1.0,2.0
11549.0,1.0,2.0
11550.0,1.0,2.0
11551.0,1.0,2.0
11552.0,1.0,2.0
11553.0,1.0,2.0
11554.0,1.0,2.0
11555.0,1.0,2.0
11556.0,1.0,2.0
11557.0,1.0,2.0
11558.0,1.0,2.0
11559.0,1.0,2.0
11560.0,1.0,2.0
11921.0,2.0,3.0
11922.0,2.0,3.0
11923.0,2.0,3.0
11924.0,2.0,3.0
11925.0,2.0,3.0
11926.0,2.0,3.0
11927.0,2.0,3.0
11928.0,2.0,3.0
11929.0,2.0,3.0
11930.0,2.0,3.0
11931.0,2.0,3.0
11932.0,2.0,3.0
11933.0,2.0,3.0
11934.0,2.0,3.0
11935.0,2.0,3.0
11936.0,2.0,3.0
11937.0,2.0,3.0
11938.0,2.0,3.0
11939.0,2.0,3.0
11940.0,2.0,3.0
11941.0,2.0,3.0
11942.0,2.0,3.0
11943.0,2.0,3.0
11944.0,2.0,3.0
11945.0,2.0,3.0
11946.0,2.0,3.0
11947.0,2.0,3.0
11948.0,2.0,3.0
11949.0,2.0,3.0
11950.0,2.0,3.0
11951.0,2.0,3.0
11952.0,2.0,3.0
11953.0,2.0,3.0
11954.0,2.0,3.0
11955.0,2.0,3.0
11956.0,2.0,3.0
11957.0,2.0,3.0
11958.0,2.0,3.0
11959.0,2.0,3.0
11960.0,2.0,3.0
12121.0,2.0,2.0
12122.0,2.0,2.0
12123.0,2.0,2.0
12124.0,2.0,2.0
12125.0,2.0,2.0
12126.0,2.0,2.0
12127.0,2.0,2.0
12128.0,2.0,2.0
12129.0,2.0,2.0
12130.0,2.0,2.0
12131.0,2.0,2.0
12132.0,2.0,2.0
12133.0,2.0,2.0
12134.0,2.0,2.0
12135.0,2.0,2.0
12136.0,2.0,2.0
12137.0,2.0,2.0
12138.0,2.0,2.0
12139.0,2.0,2.0
12140.0,2.0,2.0
12141.0,2.0,2.0
12142.0,2.0,2.0
12143.0,2.0,2.0
12144.0,2.0,2.0
12145.0,2.0,2.0
12146.0,2.0,2.0
12147.0,2.0,2.0
12148.0,2.0,2.0
12149.0,2.0,2.0
12150.0,2.0,2.0
12151.0,2.0,2.0
12152.0,2.0,2.0
12153.0,2.0,2.0
12154.0,2.0,2.0
12155.0,2.0,2.0
12156.0,2.0,2.0
12157.0,2.0,2.0
12158.0,2.0,2.0
12159.0,2.0,2.0
12160.0,2.0,2.0
12561.0,2.0,2.0
12562.0,2.0,2.0
12563.0,2.0,2.0
12564.0,2.0,2.0
12565.0,2.0,2.0
12566.0,2.0,2.0
12567.0,2.0,2.0
12568.0,2.0,2.0
12569.0,2.0,2.0
12570.0,2.0,2.0
12571.0,2.0,2.0
12572.0,2.0,2.0
12573.0,2.0,2.0
12574.0,2.0,2.0
12575.0,2.0,2.0
12576.0,2.0,2.0
12577.0,2.0,2.0
12578.0,2.0,2.0
12579.0,2.0,2.0
12580.0,2.0,2.0
12581.0,2.0,2.0
12582.0,2.0,2.0
12583.0,2.0,2.0
12584.0,2.0,2.0
12585.0,2.0,2.0
12586.0,2.0,2.0
12587.0,2.0,2.0
12588.0,2.0,2.0
12589.0,2.0,2.0
12590.0,2.0,2.0
12591.0,2.0,2.0
12592.0,2.0,2.0
12593.0,2.0,2.0
12594.0,2.0,2.0
12595.0,2.0,2.0
12596.0,2.0,2.0
12597.0,2.0,2.0
12598.0,2.0,2.0
12599.0,2.0,2.0
12600.0,2.0,2.0
12801.0,3.0,4.0
12802.0,3.0,4.0
12803.0,3.0,4.0
12804.0,3.0,4.0
12805.0,3.0,4.0
12806.0,3.0,4.0
12807.0,3.0,4.0
12808.0,3.0,4.0
12809.0,3.0,4.0
12810.0,3.0,4.0
12811.0,3.0,4.0
12812.0,3.0,4.0
12813.0,3.0,4.0
12814.0,3.0,4.0
12815.0,3.0,4.0
12816.0,3.0,4.0
12817.0,3.0,4.0
12818.0,3.0,4.0
12819.0,3.0,4.0
12820.0,3.0,4.0
12821.0,3.0,4.0
12822.0,3.0,4.0
12823.0,3.0,4.0
12824.0,3.0,4.0
12825.0,3.0,4.0
12826.0,3.0,4.0
12827.0,3.0,4.0
12828.0,3.0,4.0
12829.0,3.0,4.0
12830.0,3.0,4.0
12831.0,3.0,4.0
12832.0,3.0,4.0
12833.0,3.0,4.0
12834.0,3.0,4.0
12835.0,3.0,4.0
12836.0,3.0,4.0
12837.0,3.0,4.0
12838.0,3.0,4.0
12839.0,3.0,4.0
12840.0,3.0,4.0
